year,accuracy,MCC,F1,window,method,training_size,test_size,train_distribution,test_distribution
1978,0.3333333333333333,0.0,0.0,5,window,4,3,50.0,66.67
1979,0.0,0.0,0.0,5,window,8,2,50.0,100.0
1980,0.6666666666666666,0.0,0.8,5,window,12,3,50.0,66.67
1981,0.5,0.0,0.6666666666666666,5,window,14,2,50.0,50.0
1982,0.16666666666666666,0.0,0.0,5,window,6,6,50.0,83.33
1983,0.2857142857142857,0.0,0.0,5,window,8,7,50.0,71.43
1984,0.7,0.5,0.7692307692307693,5,window,10,10,50.0,80.0
1985,0.25,0.0,0.0,5,window,14,4,50.0,75.0
1986,0.42857142857142855,0.0,0.0,5,window,14,7,50.0,57.14
1987,0.6,0.12309149097933272,0.7000000000000001,5,window,18,15,50.0,60.0
1988,0.5714285714285714,0.4,0.5714285714285715,5,window,28,7,50.0,28.57
1989,0.8,0.0,0.888888888888889,5,window,34,15,50.0,80.0
1990,1.0,0.0,1.0,5,window,36,8,50.0,100.0
1991,0.5416666666666666,0.0,0.7027027027027027,5,window,34,24,50.0,54.17
1992,0.7391304347826086,0.38392857142857145,0.8125,5,window,50,23,50.0,69.57
1993,0.4666666666666667,-0.17034628596731172,0.6190476190476191,5,window,52,30,50.0,53.33
1994,0.38235294117647056,-0.16112126316514655,0.08695652173913045,5,window,70,34,50.0,58.82
1995,0.42857142857142855,0.08574929257125442,0.3333333333333333,5,window,92,21,50.0,66.67
1996,0.45714285714285713,-0.09978901679768618,0.5365853658536586,5,window,106,35,50.0,51.43
1997,0.5681818181818182,-0.08856148855400954,0.7164179104477612,5,window,118,44,50.0,61.36
1998,0.7719298245614035,0.23055616708169402,0.8659793814432991,5,window,138,57,50.0,75.44
1999,0.82,-0.09329556203566844,0.9010989010989012,5,window,138,50,50.0,88.0
2000,0.75,0.22645540682891915,0.845360824742268,5,window,122,120,50.0,75.0
2001,0.7251908396946565,0.27050430579395085,0.8285714285714285,5,window,168,131,50.0,68.7
2002,0.7898089171974523,0.2931151928775822,0.8725868725868727,5,window,216,157,50.0,78.34
2003,0.8916256157635468,0.29714701890601963,0.9408602150537634,5,window,250,203,50.0,90.64
2004,0.8947368421052632,0.31923795779103414,0.9430051813471503,5,window,260,209,50.0,88.52
2005,0.9125364431486881,0.2824168088655484,0.9532710280373832,5,window,296,343,50.0,92.13
2006,0.9140893470790378,0.36380658583754527,0.9537037037037037,5,window,290,582,50.0,93.81
2007,0.8898450946643718,0.30330320367834634,0.9397363465160076,5,window,280,581,50.0,92.43
2008,0.8394415357766143,0.28351502669463274,0.9090909090909091,5,window,300,573,50.0,93.72
2009,0.832,0.22308861622990855,0.9048050770625566,5,window,334,625,50.0,92.48
2010,0.8271604938271605,0.2976569999730977,0.8995901639344261,5,window,380,567,50.0,89.42
2011,0.803921568627451,0.29112639346545627,0.8831168831168831,5,window,446,459,50.0,87.36
2012,0.7108433734939759,0.21168242952863714,0.8132295719844359,5,window,490,332,50.0,84.34
2013,0.8081761006289309,0.46918892438905213,0.8801571709233792,5,window,506,318,50.0,87.42
2014,0.8,0.38979050363452283,0.8756476683937825,5,window,514,240,50.0,85.0
2015,0.7567567567567568,0.3162428656663888,0.8457142857142858,5,window,492,222,50.0,85.59
2016,0.782312925170068,0.26459563224236293,0.867219917012448,5,window,436,294,50.0,82.99
2017,0.8778801843317973,0.49128755852359557,0.9290495314591699,5,window,420,434,50.0,86.41
2018,0.8670212765957447,0.4234609256608482,0.9233128834355828,5,window,434,376,50.0,86.97
2019,0.8214285714285714,0.3172083195826086,0.8947368421052632,5,window,452,336,50.0,87.5
2020,0.7554744525547445,0.31324309400184525,0.8466819221967963,5,window,464,274,50.0,87.96
2021,0.8803418803418803,0.29759862778730706,0.9339622641509434,5,window,466,351,50.0,90.6
2022,0.889763779527559,0.37432868198397573,0.9391304347826087,5,window,432,127,50.0,92.91
1978,0.3333333333333333,0.0,0.0,10,window,4,3,50.0,66.67
1979,0.0,0.0,0.0,10,window,8,2,50.0,100.0
1980,0.6666666666666666,0.0,0.8,10,window,12,3,50.0,66.67
1981,0.5,0.0,0.6666666666666666,10,window,16,2,50.0,50.0
1982,0.8333333333333334,0.0,0.9090909090909091,10,window,16,6,50.0,83.33
1983,0.7142857142857143,0.0,0.8333333333333333,10,window,18,7,50.0,71.43
1984,0.9,0.6666666666666666,0.9411764705882353,10,window,22,10,50.0,80.0
1985,0.25,0.0,0.0,10,window,26,4,50.0,75.0
1986,0.42857142857142855,-0.3535533905932738,0.6,10,window,28,7,50.0,57.14
1987,0.4,-0.408248290463863,0.5714285714285715,10,window,24,15,50.0,60.0
1988,0.2857142857142857,0.0,0.4444444444444445,10,window,36,7,50.0,28.57
1989,0.7333333333333333,-0.1336306209562122,0.8461538461538461,10,window,44,15,50.0,80.0
1990,1.0,0.0,1.0,10,window,50,8,50.0,100.0
1991,0.4583333333333333,-0.2773500981126146,0.6285714285714286,10,window,48,24,50.0,54.17
1992,0.5652173913043478,0.19889806323953876,0.6153846153846154,10,window,68,23,50.0,69.57
1993,0.5666666666666667,0.20009979763878896,0.43478260869565216,10,window,80,30,50.0,53.33
1994,0.6176470588235294,0.16518616813647866,0.723404255319149,10,window,104,34,50.0,58.82
1995,0.5238095238095238,-0.07142857142857142,0.6428571428571429,10,window,128,21,50.0,66.67
1996,0.45714285714285713,-0.09978901679768618,0.5365853658536586,10,window,140,35,50.0,51.43
1997,0.5681818181818182,-0.08856148855400954,0.7164179104477612,10,window,168,44,50.0,61.36
1998,0.7543859649122807,0.202703054823132,0.851063829787234,10,window,190,57,50.0,75.44
1999,0.86,-0.05275349613399974,0.9247311827956989,10,window,208,50,50.0,88.0
2000,0.7166666666666667,0.0899235973995271,0.826530612244898,10,window,214,120,50.0,75.0
2001,0.7862595419847328,0.46737713390742736,0.8585858585858587,10,window,274,131,50.0,68.7
2002,0.7707006369426752,0.24934170300951722,0.8593749999999999,10,window,334,157,50.0,78.34
2003,0.8916256157635468,0.29714701890601963,0.9408602150537634,10,window,388,203,50.0,90.64
2004,0.8947368421052632,0.29757124721541367,0.9432989690721649,10,window,398,209,50.0,88.52
2005,0.9067055393586005,0.20219169865775882,0.9503105590062113,10,window,418,343,50.0,92.13
2006,0.9226804123711341,0.3071409073348709,0.958904109589041,10,window,458,582,50.0,93.81
2007,0.8846815834767642,0.2773907687190747,0.9368520263901979,10,window,496,581,50.0,92.43
2008,0.8795811518324608,0.2862817535321746,0.9338446788111218,10,window,550,573,50.0,93.72
2009,0.856,0.30697059232807244,0.9189189189189189,10,window,594,625,50.0,92.48
2010,0.818342151675485,0.3029879803569975,0.8934850051706309,10,window,676,567,50.0,89.42
2011,0.7952069716775599,0.31719649075750983,0.8759894459102902,10,window,736,459,50.0,87.36
2012,0.7078313253012049,0.21941372098638454,0.8101761252446184,10,window,770,332,50.0,84.34
2013,0.7704402515723271,0.4337844722981322,0.8525252525252526,10,window,806,318,50.0,87.42
2014,0.7416666666666667,0.34115763556804013,0.8315217391304347,10,window,848,240,50.0,85.0
2015,0.7567567567567568,0.3162428656663888,0.8457142857142858,10,window,872,222,50.0,85.59
2016,0.7244897959183674,0.3288004686361045,0.8154897494305239,10,window,882,294,50.0,82.99
2017,0.8732718894009217,0.48728962735973513,0.9259757738896367,10,window,910,434,50.0,86.41
2018,0.8164893617021277,0.42041330395750176,0.8878048780487804,10,window,940,376,50.0,86.97
2019,0.8125,0.3161059241354214,0.8884955752212388,10,window,966,336,50.0,87.5
2020,0.791970802919708,0.27490190123225283,0.8752735229759301,10,window,956,274,50.0,87.96
2021,0.8917378917378918,0.32881644388133957,0.940625,10,window,902,351,50.0,90.6
2022,0.9133858267716536,0.4353201935951492,0.9527896995708155,10,window,852,127,50.0,92.91
1978,0.3333333333333333,0.0,0.0,15,window,4,3,50.0,66.67
1979,0.0,0.0,0.0,15,window,8,2,50.0,100.0
1980,0.6666666666666666,0.0,0.8,15,window,12,3,50.0,66.67
1981,0.5,0.0,0.6666666666666666,15,window,16,2,50.0,50.0
1982,0.8333333333333334,0.0,0.9090909090909091,15,window,18,6,50.0,83.33
1983,0.7142857142857143,0.0,0.8333333333333333,15,window,26,7,50.0,71.43
1984,0.9,0.6666666666666666,0.9411764705882353,15,window,28,10,50.0,80.0
1985,0.5,-0.3333333333333333,0.6666666666666666,15,window,30,4,50.0,75.0
1986,0.42857142857142855,-0.3535533905932738,0.6,15,window,30,7,50.0,57.14
1987,0.5333333333333333,-0.21821789023599236,0.6956521739130435,15,window,34,15,50.0,60.0
1988,0.5714285714285714,0.4,0.5714285714285715,15,window,46,7,50.0,28.57
1989,0.8,0.0,0.888888888888889,15,window,56,15,50.0,80.0
1990,1.0,0.0,1.0,15,window,62,8,50.0,100.0
1991,0.4583333333333333,-0.2773500981126146,0.6285714285714286,15,window,62,24,50.0,54.17
1992,0.34782608695652173,-0.17857142857142858,0.34782608695652173,15,window,74,23,50.0,69.57
1993,0.5666666666666667,0.23904572186687872,0.38095238095238093,15,window,88,30,50.0,53.33
1994,0.47058823529411764,0.041437096508237244,0.35714285714285715,15,window,114,34,50.0,58.82
1995,0.3333333333333333,-0.22360679774997896,0.3,15,window,142,21,50.0,66.67
1996,0.5142857142857142,0.026229649178821125,0.5405405405405405,15,window,154,35,50.0,51.43
1997,0.5681818181818182,0.015188169985127125,0.6885245901639345,15,window,186,44,50.0,61.36
1998,0.7543859649122807,0.202703054823132,0.851063829787234,15,window,218,57,50.0,75.44
1999,0.82,-0.09329556203566844,0.9010989010989012,15,window,242,50,50.0,88.0
2000,0.7166666666666667,0.06415002990995841,0.8282828282828282,15,window,250,120,50.0,75.0
2001,0.7709923664122137,0.4251776187083193,0.8529411764705883,15,window,308,131,50.0,68.7
2002,0.7834394904458599,0.3065624956500391,0.8661417322834645,15,window,384,157,50.0,78.34
2003,0.8916256157635468,0.29714701890601963,0.9408602150537634,15,window,440,203,50.0,90.64
2004,0.8851674641148325,0.2410190443346143,0.9378238341968912,15,window,468,209,50.0,88.52
2005,0.9037900874635568,0.15856195586093602,0.9488372093023255,15,window,510,343,50.0,92.13
2006,0.9243986254295533,0.2755777493333307,0.9600000000000001,15,window,564,582,50.0,93.81
2007,0.8950086058519794,0.31601554097778756,0.9427230046948358,15,window,614,581,50.0,92.43
2008,0.8743455497382199,0.22785411676648992,0.9311663479923519,15,window,688,573,50.0,93.72
2009,0.8864,0.26427357481198366,0.9379912663755459,15,window,732,625,50.0,92.48
2010,0.8342151675485009,0.2995860661479754,0.9042769857433809,15,window,798,567,50.0,89.42
2011,0.8082788671023965,0.34589668576526905,0.8845144356955381,15,window,904,459,50.0,87.36
2012,0.7319277108433735,0.1913897505877382,0.831758034026465,15,window,986,332,50.0,84.34
2013,0.7735849056603774,0.4375160594655674,0.8548387096774195,15,window,1056,318,50.0,87.42
2014,0.7458333333333333,0.34615850135595716,0.8346883468834689,15,window,1108,240,50.0,85.0
2015,0.7702702702702703,0.33374062305702207,0.8555240793201133,15,window,1168,222,50.0,85.59
2016,0.7551020408163265,0.313171876169122,0.8427947598253275,15,window,1172,294,50.0,82.99
2017,0.8594470046082949,0.4717300352952651,0.916780354706685,15,window,1190,434,50.0,86.41
2018,0.8111702127659575,0.4228550394369976,0.88379705400982,15,window,1240,376,50.0,86.97
2019,0.7738095238095238,0.28808449228681293,0.8613138686131387,15,window,1300,336,50.0,87.5
2020,0.7408759124087592,0.28028977732536126,0.8367816091954022,15,window,1336,274,50.0,87.96
2021,0.8603988603988604,0.29077764013765706,0.9216,15,window,1348,351,50.0,90.6
2022,0.8818897637795275,0.3575178689992605,0.9344978165938864,15,window,1342,127,50.0,92.91
1978,0.3333333333333333,0.0,0.0,20,window,4,3,50.0,66.67
1979,0.0,0.0,0.0,20,window,8,2,50.0,100.0
1980,0.6666666666666666,0.0,0.8,20,window,12,3,50.0,66.67
1981,0.5,0.0,0.6666666666666666,20,window,16,2,50.0,50.0
1982,0.8333333333333334,0.0,0.9090909090909091,20,window,18,6,50.0,83.33
1983,0.7142857142857143,0.0,0.8333333333333333,20,window,26,7,50.0,71.43
1984,0.8,0.0,0.888888888888889,20,window,30,10,50.0,80.0
1985,0.75,0.0,0.8571428571428571,20,window,34,4,50.0,75.0
1986,0.42857142857142855,-0.3535533905932738,0.6,20,window,36,7,50.0,57.14
1987,0.4666666666666667,-0.3202563076101743,0.6363636363636364,20,window,42,15,50.0,60.0
1988,0.2857142857142857,0.0,0.4444444444444445,20,window,54,7,50.0,28.57
1989,0.8,0.0,0.888888888888889,20,window,62,15,50.0,80.0
1990,1.0,0.0,1.0,20,window,66,8,50.0,100.0
1991,0.4583333333333333,-0.2773500981126146,0.6285714285714286,20,window,64,24,50.0,54.17
1992,0.34782608695652173,-0.17857142857142858,0.34782608695652173,20,window,84,23,50.0,69.57
1993,0.6666666666666666,0.3674842076295835,0.75,20,window,98,30,50.0,53.33
1994,0.5294117647058824,0.049300664859163464,0.5789473684210527,20,window,126,34,50.0,58.82
1995,0.47619047619047616,0.0,0.5217391304347826,20,window,154,21,50.0,66.67
1996,0.42857142857142855,-0.1554941669103437,0.5,20,window,168,35,50.0,51.43
1997,0.6818181818181818,0.3448043438624031,0.7307692307692308,20,window,192,44,50.0,61.36
1998,0.7543859649122807,0.1126946786989845,0.8571428571428571,20,window,226,57,50.0,75.44
1999,0.8,-0.10889310129609417,0.888888888888889,20,window,252,50,50.0,88.0
2000,0.7166666666666667,0.19245008972987526,0.8172043010752689,20,window,264,120,50.0,75.0
2001,0.7404580152671756,0.32720353242724665,0.8333333333333331,20,window,322,131,50.0,68.7
2002,0.802547770700637,0.3264504984348798,0.8812260536398467,20,window,402,157,50.0,78.34
2003,0.8916256157635468,0.29714701890601963,0.9408602150537634,20,window,468,203,50.0,90.64
2004,0.8947368421052632,0.29757124721541367,0.9432989690721649,20,window,502,209,50.0,88.52
2005,0.9067055393586005,0.16876083774933534,0.9504643962848297,20,window,546,343,50.0,92.13
2006,0.9243986254295533,0.3135549127611993,0.9598540145985403,20,window,598,582,50.0,93.81
2007,0.9104991394148021,0.318971950574029,0.9518518518518518,20,window,664,581,50.0,92.43
2008,0.8848167539267016,0.28026211585707744,0.9370229007633588,20,window,740,573,50.0,93.72
2009,0.8768,0.2834988297072055,0.9320388349514563,20,window,802,625,50.0,92.48
2010,0.8253968253968254,0.32308108555427123,0.8978328173374613,20,window,890,567,50.0,89.42
2011,0.8104575163398693,0.31104284089679163,0.8871595330739299,20,window,1010,459,50.0,87.36
2012,0.7409638554216867,0.2028868112322404,0.8383458646616541,20,window,1104,332,50.0,84.34
2013,0.7830188679245284,0.4361331319813807,0.8622754491017963,20,window,1194,318,50.0,87.42
2014,0.7625,0.3519289213605691,0.8479999999999999,20,window,1246,240,50.0,85.0
2015,0.7612612612612613,0.3047083274776103,0.8498583569405099,20,window,1290,222,50.0,85.59
2016,0.7517006802721088,0.2974636975427843,0.8409586056644881,20,window,1340,294,50.0,82.99
2017,0.8778801843317973,0.5060116261446258,0.9286675639300136,20,window,1406,434,50.0,86.41
2018,0.8164893617021277,0.39930320901756383,0.888529886914378,20,window,1490,376,50.0,86.97
2019,0.7767857142857143,0.29191832547087637,0.8633879781420767,20,window,1560,336,50.0,87.5
2020,0.7262773722627737,0.2646827903195707,0.8259860788863109,20,window,1632,274,50.0,87.96
2021,0.8518518518518519,0.2746443167956473,0.9163987138263665,20,window,1638,351,50.0,90.6
2022,0.8818897637795275,0.3575178689992605,0.9344978165938864,20,window,1622,127,50.0,92.91
1978,0.3333333333333333,0.0,0.0,25,window,4,3,50.0,66.67
1979,0.0,0.0,0.0,25,window,8,2,50.0,100.0
1980,0.6666666666666666,0.0,0.8,25,window,12,3,50.0,66.67
1981,0.5,0.0,0.6666666666666666,25,window,16,2,50.0,50.0
1982,0.8333333333333334,0.0,0.9090909090909091,25,window,18,6,50.0,83.33
1983,0.7142857142857143,0.0,0.8333333333333333,25,window,26,7,50.0,71.43
1984,0.8,0.0,0.888888888888889,25,window,30,10,50.0,80.0
1985,0.75,0.0,0.8571428571428571,25,window,34,4,50.0,75.0
1986,0.5714285714285714,0.0,0.7272727272727273,25,window,36,7,50.0,57.14
1987,0.6,0.0,0.7499999999999999,25,window,42,15,50.0,60.0
1988,0.2857142857142857,0.0,0.4444444444444445,25,window,54,7,50.0,28.57
1989,0.8,0.0,0.888888888888889,25,window,64,15,50.0,80.0
1990,1.0,0.0,1.0,25,window,70,8,50.0,100.0
1991,0.4583333333333333,-0.2773500981126146,0.6285714285714286,25,window,70,24,50.0,54.17
1992,0.5652173913043478,-0.25617376914899,0.7222222222222223,25,window,92,23,50.0,69.57
1993,0.5333333333333333,0.0,0.6956521739130436,25,window,106,30,50.0,53.33
1994,0.47058823529411764,-0.0073561235792062455,0.4375,25,window,132,34,50.0,58.82
1995,0.3333333333333333,-0.22360679774997896,0.3,25,window,158,21,50.0,66.67
1996,0.4857142857142857,-0.03300491809922247,0.5263157894736842,25,window,170,35,50.0,51.43
1997,0.6363636363636364,0.19218663979154194,0.7714285714285715,25,window,202,44,50.0,61.36
1998,0.7543859649122807,0.16235356053515326,0.8541666666666667,25,window,236,57,50.0,75.44
1999,0.88,0.0,0.9361702127659575,25,window,264,50,50.0,88.0
2000,0.7333333333333333,0.12830005981991682,0.8383838383838385,25,window,276,120,50.0,75.0
2001,0.8015267175572519,0.510063876642285,0.8673469387755102,25,window,336,131,50.0,68.7
2002,0.7898089171974523,0.27903816887495736,0.8735632183908046,25,window,408,157,50.0,78.34
2003,0.896551724137931,0.31300863344412755,0.9436997319034852,25,window,476,203,50.0,90.64
2004,0.8899521531100478,0.23824093694861892,0.9408740359897172,25,window,512,209,50.0,88.52
2005,0.9037900874635568,0.15856195586093602,0.9488372093023255,25,window,560,343,50.0,92.13
2006,0.929553264604811,0.33456253691238824,0.9626933575978162,25,window,612,582,50.0,93.81
2007,0.9070567986230637,0.322038028379743,0.9498141263940519,25,window,682,581,50.0,92.43
2008,0.8743455497382199,0.2445153995545544,0.9310344827586208,25,window,768,573,50.0,93.72
2009,0.88,0.2771133250783327,0.9340369393139841,25,window,836,625,50.0,92.48
2010,0.8412698412698413,0.28238558891813237,0.909274193548387,25,window,926,567,50.0,89.42
2011,0.8191721132897604,0.2956072700752579,0.8937259923175416,25,window,1044,459,50.0,87.36
2012,0.7319277108433735,0.1913897505877382,0.831758034026465,25,window,1154,332,50.0,84.34
2013,0.8018867924528302,0.4351692741491884,0.8767123287671232,25,window,1246,318,50.0,87.42
2014,0.7833333333333333,0.3503292361635921,0.8645833333333334,25,window,1316,240,50.0,85.0
2015,0.7837837837837838,0.2648248105521099,0.8688524590163934,25,window,1382,222,50.0,85.59
2016,0.7585034013605442,0.35036346806974433,0.8432671081677704,25,window,1446,294,50.0,82.99
2017,0.8594470046082949,0.44753649891578584,0.9174560216508795,25,window,1524,434,50.0,86.41
2018,0.8058510638297872,0.41505805692916564,0.8801313628899837,25,window,1628,376,50.0,86.97
2019,0.7827380952380952,0.2997431839357754,0.867513611615245,25,window,1698,336,50.0,87.5
2020,0.7518248175182481,0.2925275397770126,0.8447488584474886,25,window,1754,274,50.0,87.96
2021,0.8603988603988604,0.29077764013765706,0.9216,25,window,1806,351,50.0,90.6
2022,0.8818897637795275,0.3575178689992605,0.9344978165938864,25,window,1838,127,50.0,92.91
1978,0.3333333333333333,0.0,0.0,30,window,4,3,50.0,66.67
1979,0.0,0.0,0.0,30,window,8,2,50.0,100.0
1980,0.6666666666666666,0.0,0.8,30,window,12,3,50.0,66.67
1981,0.5,0.0,0.6666666666666666,30,window,16,2,50.0,50.0
1982,0.8333333333333334,0.0,0.9090909090909091,30,window,18,6,50.0,83.33
1983,0.7142857142857143,0.0,0.8333333333333333,30,window,26,7,50.0,71.43
1984,0.9,0.6666666666666666,0.9411764705882353,30,window,30,10,50.0,80.0
1985,0.75,0.0,0.8571428571428571,30,window,34,4,50.0,75.0
1986,0.5714285714285714,0.0,0.7272727272727273,30,window,36,7,50.0,57.14
1987,0.6,0.0,0.7499999999999999,30,window,42,15,50.0,60.0
1988,0.2857142857142857,0.0,0.4444444444444445,30,window,54,7,50.0,28.57
1989,0.8,0.0,0.888888888888889,30,window,64,15,50.0,80.0
1990,1.0,0.0,1.0,30,window,70,8,50.0,100.0
1991,0.4583333333333333,-0.2773500981126146,0.6285714285714286,30,window,70,24,50.0,54.17
1992,0.6521739130434783,0.024397501823713332,0.7777777777777777,30,window,92,23,50.0,69.57
1993,0.6333333333333333,0.27382077571623753,0.717948717948718,30,window,106,30,50.0,53.33
1994,0.5588235294117647,0.1663786103066024,0.5454545454545455,30,window,134,34,50.0,58.82
1995,0.3333333333333333,-0.5,0.5,30,window,162,21,50.0,66.67
1996,0.4857142857142857,-0.029411764705882353,0.5,30,window,176,35,50.0,51.43
1997,0.6136363636363636,0.0,0.7605633802816901,30,window,210,44,50.0,61.36
1998,0.7543859649122807,0.1126946786989845,0.8571428571428571,30,window,244,57,50.0,75.44
1999,0.82,-0.09329556203566844,0.9010989010989012,30,window,270,50,50.0,88.0
2000,0.725,0.15177106608654703,0.8290155440414507,30,window,280,120,50.0,75.0
2001,0.7557251908396947,0.3808380462157341,0.8383838383838385,30,window,338,131,50.0,68.7
2002,0.7770700636942676,0.2476866782854989,0.8648648648648648,30,window,418,157,50.0,78.34
2003,0.896551724137931,0.31300863344412755,0.9436997319034852,30,window,486,203,50.0,90.64
2004,0.8851674641148325,0.2410190443346143,0.9378238341968912,30,window,524,209,50.0,88.52
2005,0.9067055393586005,0.16876083774933534,0.9504643962848297,30,window,572,343,50.0,92.13
2006,0.929553264604811,0.316390827393449,0.9627611262488646,30,window,626,582,50.0,93.81
2007,0.9173838209982789,0.33012789332618125,0.9558011049723757,30,window,688,581,50.0,92.43
2008,0.8778359511343804,0.23395583200871947,0.933206106870229,30,window,776,573,50.0,93.72
2009,0.8928,0.2513706429014192,0.9418907198612315,30,window,846,625,50.0,92.48
2010,0.8518518518518519,0.30220799228594675,0.9158316633266533,30,window,940,567,50.0,89.42
2011,0.8082788671023965,0.28790796524251816,0.8863049095607235,30,window,1058,459,50.0,87.36
2012,0.7289156626506024,0.1991929471777054,0.8288973384030418,30,window,1172,332,50.0,84.34
2013,0.8081761006289309,0.44393516251344517,0.8810916179337231,30,window,1274,318,50.0,87.42
2014,0.7625,0.3368637066947399,0.8488063660477454,30,window,1350,240,50.0,85.0
2015,0.7657657657657657,0.23924622168377765,0.856353591160221,30,window,1418,222,50.0,85.59
2016,0.7721088435374149,0.2936498247846114,0.8577494692144373,30,window,1480,294,50.0,82.99
2017,0.8709677419354839,0.49703846946313585,0.9241192411924118,30,window,1574,434,50.0,86.41
2018,0.8271276595744681,0.43723600502327475,0.8949919224555736,30,window,1680,376,50.0,86.97
2019,0.7976190476190477,0.30704412431455885,0.878136200716846,30,window,1768,336,50.0,87.5
2020,0.7518248175182481,0.2925275397770126,0.8447488584474886,30,window,1846,274,50.0,87.96
2021,0.8603988603988604,0.29077764013765706,0.9216,30,window,1912,351,50.0,90.6
2022,0.8818897637795275,0.3575178689992605,0.9344978165938864,30,window,1956,127,50.0,92.91
1978,0.3333333333333333,0.0,0.0,35,window,4,3,50.0,66.67
1979,0.0,0.0,0.0,35,window,8,2,50.0,100.0
1980,0.6666666666666666,0.0,0.8,35,window,12,3,50.0,66.67
1981,0.5,0.0,0.6666666666666666,35,window,16,2,50.0,50.0
1982,0.8333333333333334,0.0,0.9090909090909091,35,window,18,6,50.0,83.33
1983,0.7142857142857143,0.0,0.8333333333333333,35,window,26,7,50.0,71.43
1984,0.9,0.6666666666666666,0.9411764705882353,35,window,30,10,50.0,80.0
1985,0.75,0.0,0.8571428571428571,35,window,34,4,50.0,75.0
1986,0.42857142857142855,-0.3535533905932738,0.6,35,window,36,7,50.0,57.14
1987,0.6,0.0,0.7499999999999999,35,window,42,15,50.0,60.0
1988,0.2857142857142857,0.0,0.4444444444444445,35,window,54,7,50.0,28.57
1989,0.8,0.0,0.888888888888889,35,window,64,15,50.0,80.0
1990,1.0,0.0,1.0,35,window,70,8,50.0,100.0
1991,0.4583333333333333,-0.2773500981126146,0.6285714285714286,35,window,70,24,50.0,54.17
1992,0.2608695652173913,-0.3386481059780782,0.19047619047619047,35,window,92,23,50.0,69.57
1993,0.5333333333333333,0.0,0.6956521739130436,35,window,106,30,50.0,53.33
1994,0.5882352941176471,0.09944903161976938,0.6956521739130435,35,window,134,34,50.0,58.82
1995,0.42857142857142855,-0.2857142857142857,0.5714285714285714,35,window,162,21,50.0,66.67
1996,0.45714285714285713,-0.12057967390241195,0.5777777777777777,35,window,176,35,50.0,51.43
1997,0.5681818181818182,-0.17315416054977326,0.7246376811594204,35,window,210,44,50.0,61.36
1998,0.7543859649122807,0.1126946786989845,0.8571428571428571,35,window,244,57,50.0,75.44
1999,0.82,-0.09329556203566844,0.9010989010989012,35,window,272,50,50.0,88.0
2000,0.75,0.1543033499620919,0.8514851485148515,35,window,284,120,50.0,75.0
2001,0.7557251908396947,0.3892180882361872,0.8476190476190477,35,window,344,131,50.0,68.7
2002,0.7898089171974523,0.24995222755940036,0.8754716981132076,35,window,426,157,50.0,78.34
2003,0.9064039408866995,0.3497374796148472,0.9493333333333333,35,window,494,203,50.0,90.64
2004,0.8995215311004785,0.33645071174597857,0.9460154241645246,35,window,530,209,50.0,88.52
2005,0.9096209912536443,0.18002434495323302,0.9520865533230293,35,window,576,343,50.0,92.13
2006,0.9347079037800687,0.32310400653513444,0.9656419529837251,35,window,628,582,50.0,93.81
2007,0.9104991394148021,0.333271963726882,0.9517625231910946,35,window,698,581,50.0,92.43
2008,0.893542757417103,0.24742085847557413,0.9423984891406988,35,window,786,573,50.0,93.72
2009,0.8816,0.26727039712053036,0.9350877192982457,35,window,858,625,50.0,92.48
2010,0.8289241622574955,0.2811630746756148,0.9011213047910297,35,window,952,567,50.0,89.42
2011,0.8061002178649237,0.28451899606356873,0.8848641655886157,35,window,1072,459,50.0,87.36
2012,0.7078313253012049,0.19694816946555518,0.8116504854368931,35,window,1178,332,50.0,84.34
2013,0.8081761006289309,0.46918892438905213,0.8801571709233792,35,window,1282,318,50.0,87.42
2014,0.7916666666666666,0.3772776389454069,0.8697916666666667,35,window,1360,240,50.0,85.0
2015,0.7522522522522522,0.32779169331788366,0.8414985590778097,35,window,1432,222,50.0,85.59
2016,0.7448979591836735,0.277039987342509,0.8366013071895425,35,window,1494,294,50.0,82.99
2017,0.868663594470046,0.44493426084106563,0.9238985313751669,35,window,1592,434,50.0,86.41
2018,0.8164893617021277,0.42041330395750176,0.8878048780487804,35,window,1708,376,50.0,86.97
2019,0.7857142857142857,0.30373768391273687,0.8695652173913043,35,window,1802,336,50.0,87.5
2020,0.7481751824817519,0.3049523974239961,0.8413793103448275,35,window,1882,274,50.0,87.96
2021,0.8518518518518519,0.2560537351534748,0.9166666666666666,35,window,1946,351,50.0,90.6
2022,0.8818897637795275,0.3575178689992605,0.9344978165938864,35,window,2006,127,50.0,92.91
1978,0.3333333333333333,0.0,0.0,40,window,4,3,50.0,66.67
1979,0.0,0.0,0.0,40,window,8,2,50.0,100.0
1980,0.6666666666666666,0.0,0.8,40,window,12,3,50.0,66.67
1981,0.5,0.0,0.6666666666666666,40,window,16,2,50.0,50.0
1982,0.8333333333333334,0.0,0.9090909090909091,40,window,18,6,50.0,83.33
1983,0.7142857142857143,0.0,0.8333333333333333,40,window,26,7,50.0,71.43
1984,0.8,0.0,0.888888888888889,40,window,30,10,50.0,80.0
1985,0.75,0.0,0.8571428571428571,40,window,34,4,50.0,75.0
1986,0.42857142857142855,-0.3535533905932738,0.6,40,window,36,7,50.0,57.14
1987,0.6,0.0,0.7499999999999999,40,window,42,15,50.0,60.0
1988,0.2857142857142857,0.0,0.4444444444444445,40,window,54,7,50.0,28.57
1989,0.8,0.0,0.888888888888889,40,window,64,15,50.0,80.0
1990,1.0,0.0,1.0,40,window,70,8,50.0,100.0
1991,0.4583333333333333,-0.2773500981126146,0.6285714285714286,40,window,70,24,50.0,54.17
1992,0.6521739130434783,0.024397501823713332,0.7777777777777777,40,window,92,23,50.0,69.57
1993,0.5666666666666667,0.19851666679418603,0.7111111111111111,40,window,106,30,50.0,53.33
1994,0.4411764705882353,-0.1953727850214734,0.5581395348837209,40,window,134,34,50.0,58.82
1995,0.38095238095238093,-0.26967994498529685,0.4799999999999999,40,window,162,21,50.0,66.67
1996,0.5142857142857142,0.02333800140046683,0.5641025641025642,40,window,176,35,50.0,51.43
1997,0.4772727272727273,-0.3153017676423058,0.6461538461538462,40,window,210,44,50.0,61.36
1998,0.7543859649122807,0.1126946786989845,0.8571428571428571,40,window,244,57,50.0,75.44
1999,0.84,-0.07537783614444091,0.9130434782608695,40,window,272,50,50.0,88.0
2000,0.7333333333333333,0.04415107856883479,0.8431372549019609,40,window,284,120,50.0,75.0
2001,0.7404580152671756,0.33733035327957045,0.8396226415094341,40,window,344,131,50.0,68.7
2002,0.7961783439490446,0.2961623463724613,0.8778625954198473,40,window,426,157,50.0,78.34
2003,0.9064039408866995,0.31760664635981745,0.9496021220159151,40,window,494,203,50.0,90.64
2004,0.8947368421052632,0.29757124721541367,0.9432989690721649,40,window,532,209,50.0,88.52
2005,0.9125364431486881,0.19258287082661618,0.9537037037037038,40,window,580,343,50.0,92.13
2006,0.9381443298969072,0.3249296249411056,0.9675675675675677,40,window,634,582,50.0,93.81
2007,0.9036144578313253,0.31149483663450145,0.9478584729981379,40,window,706,581,50.0,92.43
2008,0.8760907504363001,0.2475713508348314,0.9320574162679426,40,window,794,573,50.0,93.72
2009,0.8832,0.3095356026404357,0.9356828193832599,40,window,864,625,50.0,92.48
2010,0.8483245149911817,0.2853790852317205,0.9138276553106213,40,window,956,567,50.0,89.42
2011,0.8257080610021786,0.27640733873920736,0.8987341772151899,40,window,1074,459,50.0,87.36
2012,0.7409638554216867,0.2143943618071578,0.8377358490566037,40,window,1188,332,50.0,84.34
2013,0.8081761006289309,0.44393516251344517,0.8810916179337231,40,window,1292,318,50.0,87.42
2014,0.7583333333333333,0.34658135508069376,0.8449197860962567,40,window,1372,240,50.0,85.0
2015,0.7792792792792793,0.29416062094394524,0.8642659279778392,40,window,1444,222,50.0,85.59
2016,0.7517006802721088,0.3085161132267544,0.8402625820568927,40,window,1508,294,50.0,82.99
2017,0.8755760368663594,0.49291908935368056,0.9274193548387097,40,window,1598,434,50.0,86.41
2018,0.8324468085106383,0.4254179469670315,0.8992,40,window,1716,376,50.0,86.97
2019,0.7976190476190477,0.30704412431455885,0.878136200716846,40,window,1812,336,50.0,87.5
2020,0.7518248175182481,0.2925275397770126,0.8447488584474886,40,window,1896,274,50.0,87.96
2021,0.8603988603988604,0.29077764013765706,0.9216,40,window,1960,351,50.0,90.6
2022,0.8818897637795275,0.3575178689992605,0.9344978165938864,40,window,2024,127,50.0,92.91
1978,0.3333333333333333,0.0,0.0,45,window,4,3,50.0,66.67
1979,0.0,0.0,0.0,45,window,8,2,50.0,100.0
1980,0.6666666666666666,0.0,0.8,45,window,12,3,50.0,66.67
1981,0.5,0.0,0.6666666666666666,45,window,16,2,50.0,50.0
1982,0.8333333333333334,0.0,0.9090909090909091,45,window,18,6,50.0,83.33
1983,0.7142857142857143,0.0,0.8333333333333333,45,window,26,7,50.0,71.43
1984,0.9,0.6666666666666666,0.9411764705882353,45,window,30,10,50.0,80.0
1985,0.75,0.0,0.8571428571428571,45,window,34,4,50.0,75.0
1986,0.42857142857142855,-0.3535533905932738,0.6,45,window,36,7,50.0,57.14
1987,0.4666666666666667,-0.3202563076101743,0.6363636363636364,45,window,42,15,50.0,60.0
1988,0.2857142857142857,0.0,0.4444444444444445,45,window,54,7,50.0,28.57
1989,0.8,0.0,0.888888888888889,45,window,64,15,50.0,80.0
1990,1.0,0.0,1.0,45,window,70,8,50.0,100.0
1991,0.4583333333333333,-0.2773500981126146,0.6285714285714286,45,window,70,24,50.0,54.17
1992,0.6521739130434783,-0.14101901870444156,0.7894736842105263,45,window,92,23,50.0,69.57
1993,0.5333333333333333,0.0,0.6956521739130436,45,window,106,30,50.0,53.33
1994,0.47058823529411764,0.041437096508237244,0.35714285714285715,45,window,134,34,50.0,58.82
1995,0.38095238095238093,-0.26967994498529685,0.4799999999999999,45,window,162,21,50.0,66.67
1996,0.45714285714285713,-0.1084652289093281,0.5581395348837209,45,window,176,35,50.0,51.43
1997,0.5227272727272727,-0.2509242175696937,0.6865671641791045,45,window,210,44,50.0,61.36
1998,0.7368421052631579,-0.07624928516630233,0.8484848484848485,45,window,244,57,50.0,75.44
1999,0.88,0.0,0.9361702127659575,45,window,272,50,50.0,88.0
2000,0.7583333333333333,0.2167570009072672,0.8542713567839195,45,window,284,120,50.0,75.0
2001,0.7175572519083969,0.2422130312304759,0.8229665071770335,45,window,344,131,50.0,68.7
2002,0.7834394904458599,0.2153098983150595,0.8721804511278196,45,window,426,157,50.0,78.34
2003,0.896551724137931,0.2394561624676442,0.9442970822281168,45,window,494,203,50.0,90.64
2004,0.8947368421052632,0.31923795779103414,0.9430051813471503,45,window,532,209,50.0,88.52
2005,0.9096209912536443,0.18002434495323302,0.9520865533230293,45,window,580,343,50.0,92.13
2006,0.9329896907216495,0.2945324855915096,0.964769647696477,45,window,634,582,50.0,93.81
2007,0.9053356282271945,0.30216113531528965,0.9489322191272053,45,window,706,581,50.0,92.43
2008,0.8848167539267016,0.24694005324168752,0.9372623574144486,45,window,794,573,50.0,93.72
2009,0.8944,0.3100805450261536,0.9424083769633508,45,window,866,625,50.0,92.48
2010,0.8377425044091711,0.2660841606024552,0.9072580645161291,45,window,960,567,50.0,89.42
2011,0.8169934640522876,0.28185272350435464,0.8925831202046035,45,window,1080,459,50.0,87.36
2012,0.7319277108433735,0.2256395584531405,0.8298279158699808,45,window,1196,332,50.0,84.34
2013,0.8207547169811321,0.4243211886620791,0.8910133843212237,45,window,1300,318,50.0,87.42
2014,0.8041666666666667,0.41057475953448225,0.877922077922078,45,window,1378,240,50.0,85.0
2015,0.7927927927927928,0.31406030616338804,0.8736263736263736,45,window,1448,222,50.0,85.59
2016,0.7653061224489796,0.32750607303324913,0.8503253796095446,45,window,1510,294,50.0,82.99
2017,0.8663594470046083,0.4229825645498562,0.922872340425532,45,window,1608,434,50.0,86.41
2018,0.8191489361702128,0.4349360937505218,0.8892508143322475,45,window,1726,376,50.0,86.97
2019,0.7946428571428571,0.27568046874205127,0.877005347593583,45,window,1824,336,50.0,87.5
2020,0.7591240875912408,0.3009669142336696,0.85,45,window,1908,274,50.0,87.96
2021,0.8547008547008547,0.27987771279194923,0.9181380417335474,45,window,1974,351,50.0,90.6
2022,0.8818897637795275,0.3575178689992605,0.9344978165938864,45,window,2030,127,50.0,92.91
1978,0.3333333333333333,0.0,0.0,50,window,4,3,50.0,66.67
1979,0.0,0.0,0.0,50,window,8,2,50.0,100.0
1980,0.6666666666666666,0.0,0.8,50,window,12,3,50.0,66.67
1981,0.5,0.0,0.6666666666666666,50,window,16,2,50.0,50.0
1982,0.8333333333333334,0.0,0.9090909090909091,50,window,18,6,50.0,83.33
1983,0.7142857142857143,0.0,0.8333333333333333,50,window,26,7,50.0,71.43
1984,0.9,0.6666666666666666,0.9411764705882353,50,window,30,10,50.0,80.0
1985,0.75,0.0,0.8571428571428571,50,window,34,4,50.0,75.0
1986,0.5714285714285714,0.09128709291752768,0.6666666666666665,50,window,36,7,50.0,57.14
1987,0.6,0.0,0.7499999999999999,50,window,42,15,50.0,60.0
1988,0.2857142857142857,0.0,0.4444444444444445,50,window,54,7,50.0,28.57
1989,0.8,0.0,0.888888888888889,50,window,64,15,50.0,80.0
1990,1.0,0.0,1.0,50,window,70,8,50.0,100.0
1991,0.4583333333333333,-0.2773500981126146,0.6285714285714286,50,window,70,24,50.0,54.17
1992,0.6086956521739131,-0.20412414523193148,0.7567567567567567,50,window,92,23,50.0,69.57
1993,0.5333333333333333,0.0,0.6956521739130436,50,window,106,30,50.0,53.33
1994,0.6176470588235294,0.17530019603571106,0.7111111111111111,50,window,134,34,50.0,58.82
1995,0.38095238095238093,-0.07905694150420949,0.3157894736842105,50,window,162,21,50.0,66.67
1996,0.4,-0.3490899587257618,0.5714285714285714,50,window,176,35,50.0,51.43
1997,0.45454545454545453,-0.3451363775656213,0.625,50,window,210,44,50.0,61.36
1998,0.7368421052631579,-0.07624928516630233,0.8484848484848485,50,window,244,57,50.0,75.44
1999,0.82,-0.09329556203566844,0.9010989010989012,50,window,272,50,50.0,88.0
2000,0.7166666666666667,0.034815531191139566,0.83,50,window,284,120,50.0,75.0
2001,0.7709923664122137,0.4251776187083193,0.8529411764705883,50,window,344,131,50.0,68.7
2002,0.7961783439490446,0.2695693750975063,0.8796992481203008,50,window,426,157,50.0,78.34
2003,0.9014778325123153,0.330434238624097,0.946524064171123,50,window,494,203,50.0,90.64
2004,0.8995215311004785,0.3500123782941969,0.9457364341085271,50,window,532,209,50.0,88.52
2005,0.9037900874635568,0.15856195586093602,0.9488372093023255,50,window,580,343,50.0,92.13
2006,0.9329896907216495,0.35030233044003967,0.9645776566757492,50,window,634,582,50.0,93.81
2007,0.9018932874354562,0.3206729922313164,0.9467787114845938,50,window,706,581,50.0,92.43
2008,0.8848167539267016,0.2296476611776732,0.937381404174573,50,window,794,573,50.0,93.72
2009,0.8816,0.2804820320306643,0.9349736379613356,50,window,866,625,50.0,92.48
2010,0.8659611992945326,0.3121418978238123,0.9247524752475247,50,window,960,567,50.0,89.42
2011,0.8126361655773421,0.34320315477491076,0.8877284595300262,50,window,1080,459,50.0,87.36
2012,0.7168674698795181,0.16135996178697415,0.8212927756653993,50,window,1196,332,50.0,84.34
2013,0.789308176100629,0.4440788251420955,0.8667992047713718,50,window,1300,318,50.0,87.42
2014,0.7708333333333334,0.34792455722769233,0.8548812664907651,50,window,1380,240,50.0,85.0
2015,0.7747747747747747,0.30537940164223326,0.8603351955307262,50,window,1452,222,50.0,85.59
2016,0.782312925170068,0.32060516156348257,0.864406779661017,50,window,1516,294,50.0,82.99
2017,0.868663594470046,0.46073932136043194,0.9234899328859061,50,window,1616,434,50.0,86.41
2018,0.8324468085106383,0.45620240302613024,0.8982229402261712,50,window,1734,376,50.0,86.97
2019,0.7976190476190477,0.30704412431455885,0.878136200716846,50,window,1830,336,50.0,87.5
2020,0.7700729927007299,0.2974607490836504,0.8584269662921347,50,window,1912,274,50.0,87.96
2021,0.8689458689458689,0.30833914830832665,0.9267515923566878,50,window,1976,351,50.0,90.6
2022,0.889763779527559,0.37432868198397573,0.9391304347826087,50,window,2040,127,50.0,92.91
1978,0.3333333333333333,0.0,0.0,55,window,4,3,50.0,66.67
1979,0.0,0.0,0.0,55,window,8,2,50.0,100.0
1980,0.6666666666666666,0.0,0.8,55,window,12,3,50.0,66.67
1981,0.5,0.0,0.6666666666666666,55,window,16,2,50.0,50.0
1982,0.8333333333333334,0.0,0.9090909090909091,55,window,18,6,50.0,83.33
1983,0.7142857142857143,0.0,0.8333333333333333,55,window,26,7,50.0,71.43
1984,0.9,0.6666666666666666,0.9411764705882353,55,window,30,10,50.0,80.0
1985,0.75,0.0,0.8571428571428571,55,window,34,4,50.0,75.0
1986,0.5714285714285714,0.0,0.7272727272727273,55,window,36,7,50.0,57.14
1987,0.5333333333333333,-0.21821789023599236,0.6956521739130435,55,window,42,15,50.0,60.0
1988,0.2857142857142857,0.0,0.4444444444444445,55,window,54,7,50.0,28.57
1989,0.8,0.0,0.888888888888889,55,window,64,15,50.0,80.0
1990,1.0,0.0,1.0,55,window,70,8,50.0,100.0
1991,0.4583333333333333,-0.2773500981126146,0.6285714285714286,55,window,70,24,50.0,54.17
1992,0.6086956521739131,-0.20412414523193148,0.7567567567567567,55,window,92,23,50.0,69.57
1993,0.5666666666666667,0.12584555642690842,0.6060606060606061,55,window,106,30,50.0,53.33
1994,0.5294117647058824,0.02857142857142857,0.6,55,window,134,34,50.0,58.82
1995,0.38095238095238093,-0.3466876226407682,0.5185185185185186,55,window,162,21,50.0,66.67
1996,0.4,-0.3490899587257618,0.5714285714285714,55,window,176,35,50.0,51.43
1997,0.5454545454545454,-0.13704405745246478,0.6969696969696971,55,window,210,44,50.0,61.36
1998,0.7368421052631579,-0.07624928516630233,0.8484848484848485,55,window,244,57,50.0,75.44
1999,0.86,-0.05275349613399974,0.9247311827956989,55,window,272,50,50.0,88.0
2000,0.725,0.13093073414159542,0.8307692307692307,55,window,284,120,50.0,75.0
2001,0.732824427480916,0.30910395540869495,0.835680751173709,55,window,344,131,50.0,68.7
2002,0.802547770700637,0.302556114592679,0.8830188679245283,55,window,426,157,50.0,78.34
2003,0.8916256157635468,0.261352724267051,0.9411764705882354,55,window,494,203,50.0,90.64
2004,0.8899521531100478,0.23824093694861892,0.9408740359897172,55,window,532,209,50.0,88.52
2005,0.9067055393586005,0.16876083774933534,0.9504643962848297,55,window,580,343,50.0,92.13
2006,0.9140893470790378,0.19820735777831514,0.9544626593806922,55,window,634,582,50.0,93.81
2007,0.9070567986230637,0.3360843067546978,0.9497206703910615,55,window,706,581,50.0,92.43
2008,0.8917975567190227,0.27808797402685664,0.9411764705882353,55,window,794,573,50.0,93.72
2009,0.8704,0.2581767793388391,0.9283819628647214,55,window,866,625,50.0,92.48
2010,0.8359788359788359,0.2928783070339702,0.9055837563451777,55,window,960,567,50.0,89.42
2011,0.8061002178649237,0.28451899606356873,0.8848641655886157,55,window,1080,459,50.0,87.36
2012,0.7289156626506024,0.1991929471777054,0.8288973384030418,55,window,1196,332,50.0,84.34
2013,0.7924528301886793,0.4608631395256328,0.8685258964143427,55,window,1300,318,50.0,87.42
2014,0.7625,0.3519289213605691,0.8479999999999999,55,window,1380,240,50.0,85.0
2015,0.7837837837837838,0.36897756140060817,0.864406779661017,55,window,1452,222,50.0,85.59
2016,0.7619047619047619,0.2783606134990024,0.8504273504273504,55,window,1516,294,50.0,82.99
2017,0.8732718894009217,0.47207519589976776,0.9263721552878179,55,window,1616,434,50.0,86.41
2018,0.8377659574468085,0.4139413461564234,0.9033280507131538,55,window,1734,376,50.0,86.97
2019,0.8005952380952381,0.2979576783373685,0.8805704099821746,55,window,1832,336,50.0,87.5
2020,0.7627737226277372,0.30527692550173813,0.8526077097505669,55,window,1916,274,50.0,87.96
2021,0.8547008547008547,0.27987771279194923,0.9181380417335474,55,window,1982,351,50.0,90.6
2022,0.8818897637795275,0.3575178689992605,0.9344978165938864,55,window,2048,127,50.0,92.91
