year,accuracy,MCC,F1,window,batch_size,epochs,method,training_size,test_size,train_distribution,test_distribution
1978,0,0,0,5,16,20,window,0,3,nan,66.67
1978,0,0,0,10,16,20,window,0,3,nan,66.67
1978,0,0,0,15,16,20,window,0,3,nan,66.67
1978,0,0,0,20,16,20,window,0,3,nan,66.67
1978,0,0,0,25,16,20,window,0,3,nan,66.67
1978,0,0,0,30,16,20,window,0,3,nan,66.67
1978,0,0,0,35,16,20,window,0,3,nan,66.67
1978,0,0,0,40,16,20,window,0,3,nan,66.67
1978,0,0,0,45,16,20,window,0,3,nan,66.67
1978,0,0,0,50,16,20,window,0,3,nan,66.67
1978,0,0,0,55,16,20,window,0,3,nan,66.67
1979,0.0,0.0,0.0,5,16,20,window,2,2,50.0,100.0
1979,1.0,0.0,1.0,10,16,20,window,2,2,50.0,100.0
1979,1.0,0.0,1.0,15,16,20,window,2,2,50.0,100.0
1979,1.0,0.0,1.0,20,16,20,window,2,2,50.0,100.0
1979,1.0,0.0,1.0,25,16,20,window,2,2,50.0,100.0
1979,1.0,0.0,1.0,30,16,20,window,2,2,50.0,100.0
1979,1.0,0.0,1.0,35,16,20,window,2,2,50.0,100.0
1979,1.0,0.0,1.0,40,16,20,window,2,2,50.0,100.0
1979,1.0,0.0,1.0,45,16,20,window,2,2,50.0,100.0
1979,1.0,0.0,1.0,50,16,20,window,2,2,50.0,100.0
1979,1.0,0.0,1.0,55,16,20,window,2,2,50.0,100.0
1980,0.3333333333333333,0.0,0.0,5,16,20,window,2,3,50.0,66.67
1980,0.3333333333333333,0.0,0.0,10,16,20,window,2,3,50.0,66.67
1980,0.3333333333333333,0.0,0.0,15,16,20,window,2,3,50.0,66.67
1980,0.3333333333333333,0.0,0.0,20,16,20,window,2,3,50.0,66.67
1980,0.3333333333333333,0.0,0.0,25,16,20,window,2,3,50.0,66.67
1980,0.3333333333333333,0.0,0.0,30,16,20,window,2,3,50.0,66.67
1980,0.3333333333333333,0.0,0.0,35,16,20,window,2,3,50.0,66.67
1980,0.3333333333333333,0.0,0.0,40,16,20,window,2,3,50.0,66.67
1980,0.3333333333333333,0.0,0.0,45,16,20,window,2,3,50.0,66.67
1980,0.3333333333333333,0.0,0.0,50,16,20,window,2,3,50.0,66.67
1980,0.3333333333333333,0.0,0.0,55,16,20,window,2,3,50.0,66.67
1981,0.0,-1.0,0.0,5,16,20,window,4,2,50.0,50.0
1981,0.0,-1.0,0.0,10,16,20,window,4,2,50.0,50.0
1981,0.0,-1.0,0.0,15,16,20,window,4,2,50.0,50.0
1981,0.0,-1.0,0.0,20,16,20,window,4,2,50.0,50.0
1981,0.0,-1.0,0.0,25,16,20,window,4,2,50.0,50.0
1981,0.0,-1.0,0.0,30,16,20,window,4,2,50.0,50.0
1981,0.0,-1.0,0.0,35,16,20,window,4,2,50.0,50.0
1981,0.0,-1.0,0.0,40,16,20,window,4,2,50.0,50.0
1981,0.0,-1.0,0.0,45,16,20,window,4,2,50.0,50.0
1981,0.0,-1.0,0.0,50,16,20,window,4,2,50.0,50.0
1981,0.0,-1.0,0.0,55,16,20,window,4,2,50.0,50.0
1982,0.16666666666666666,0.0,0.0,5,16,20,window,6,6,50.0,83.33
1982,0.16666666666666666,0.0,0.0,10,16,20,window,6,6,50.0,83.33
1982,0.16666666666666666,0.0,0.0,15,16,20,window,6,6,50.0,83.33
1982,0.16666666666666666,0.0,0.0,20,16,20,window,6,6,50.0,83.33
1982,0.16666666666666666,0.0,0.0,25,16,20,window,6,6,50.0,83.33
1982,0.16666666666666666,0.0,0.0,30,16,20,window,6,6,50.0,83.33
1982,0.16666666666666666,0.0,0.0,35,16,20,window,6,6,50.0,83.33
1982,0.16666666666666666,0.0,0.0,40,16,20,window,6,6,50.0,83.33
1982,0.16666666666666666,0.0,0.0,45,16,20,window,6,6,50.0,83.33
1982,0.16666666666666666,0.0,0.0,50,16,20,window,6,6,50.0,83.33
1982,0.16666666666666666,0.0,0.0,55,16,20,window,6,6,50.0,83.33
1983,0.42857142857142855,0.2581988897471611,0.33333333333333337,5,16,20,window,8,7,50.0,71.43
1983,0.42857142857142855,0.2581988897471611,0.33333333333333337,10,16,20,window,8,7,50.0,71.43
1983,0.42857142857142855,0.2581988897471611,0.33333333333333337,15,16,20,window,8,7,50.0,71.43
1983,0.42857142857142855,0.2581988897471611,0.33333333333333337,20,16,20,window,8,7,50.0,71.43
1983,0.42857142857142855,0.2581988897471611,0.33333333333333337,25,16,20,window,8,7,50.0,71.43
1983,0.42857142857142855,0.2581988897471611,0.33333333333333337,30,16,20,window,8,7,50.0,71.43
1983,0.42857142857142855,0.2581988897471611,0.33333333333333337,35,16,20,window,8,7,50.0,71.43
1983,0.42857142857142855,0.2581988897471611,0.33333333333333337,40,16,20,window,8,7,50.0,71.43
1983,0.42857142857142855,0.2581988897471611,0.33333333333333337,45,16,20,window,8,7,50.0,71.43
1983,0.42857142857142855,0.2581988897471611,0.33333333333333337,50,16,20,window,8,7,50.0,71.43
1983,0.42857142857142855,0.2581988897471611,0.33333333333333337,55,16,20,window,8,7,50.0,71.43
1984,0.7,0.5,0.7692307692307693,5,16,20,window,10,10,50.0,80.0
1984,0.5,0.3273268353539886,0.5454545454545454,10,16,20,window,12,10,50.0,80.0
1984,0.5,0.3273268353539886,0.5454545454545454,15,16,20,window,12,10,50.0,80.0
1984,0.5,0.3273268353539886,0.5454545454545454,20,16,20,window,12,10,50.0,80.0
1984,0.5,0.3273268353539886,0.5454545454545454,25,16,20,window,12,10,50.0,80.0
1984,0.5,0.3273268353539886,0.5454545454545454,30,16,20,window,12,10,50.0,80.0
1984,0.5,0.3273268353539886,0.5454545454545454,35,16,20,window,12,10,50.0,80.0
1984,0.5,0.3273268353539886,0.5454545454545454,40,16,20,window,12,10,50.0,80.0
1984,0.5,0.3273268353539886,0.5454545454545454,45,16,20,window,12,10,50.0,80.0
1984,0.5,0.3273268353539886,0.5454545454545454,50,16,20,window,12,10,50.0,80.0
1984,0.5,0.3273268353539886,0.5454545454545454,55,16,20,window,12,10,50.0,80.0
1985,0.0,-1.0,0.0,5,16,20,window,14,4,50.0,75.0
1985,0.25,-0.5773502691896258,0.4,10,16,20,window,16,4,50.0,75.0
1985,0.25,-0.5773502691896258,0.4,15,16,20,window,16,4,50.0,75.0
1985,0.25,-0.5773502691896258,0.4,20,16,20,window,16,4,50.0,75.0
1985,0.25,-0.5773502691896258,0.4,25,16,20,window,16,4,50.0,75.0
1985,0.25,-0.5773502691896258,0.4,30,16,20,window,16,4,50.0,75.0
1985,0.25,-0.5773502691896258,0.4,35,16,20,window,16,4,50.0,75.0
1985,0.25,-0.5773502691896258,0.4,40,16,20,window,16,4,50.0,75.0
1985,0.25,-0.5773502691896258,0.4,45,16,20,window,16,4,50.0,75.0
1985,0.25,-0.5773502691896258,0.4,50,16,20,window,16,4,50.0,75.0
1985,0.25,-0.5773502691896258,0.4,55,16,20,window,16,4,50.0,75.0
1986,0.14285714285714285,-0.7302967433402214,0.0,5,16,20,window,14,7,50.0,57.14
1986,0.0,-1.0,0.0,10,16,20,window,18,7,50.0,57.14
1986,0.0,-1.0,0.0,15,16,20,window,18,7,50.0,57.14
1986,0.0,-1.0,0.0,20,16,20,window,18,7,50.0,57.14
1986,0.0,-1.0,0.0,25,16,20,window,18,7,50.0,57.14
1986,0.0,-1.0,0.0,30,16,20,window,18,7,50.0,57.14
1986,0.0,-1.0,0.0,35,16,20,window,18,7,50.0,57.14
1986,0.0,-1.0,0.0,40,16,20,window,18,7,50.0,57.14
1986,0.0,-1.0,0.0,45,16,20,window,18,7,50.0,57.14
1986,0.0,-1.0,0.0,50,16,20,window,18,7,50.0,57.14
1986,0.0,-1.0,0.0,55,16,20,window,18,7,50.0,57.14
1987,0.4,-0.12309149097933272,0.30769230769230765,5,16,20,window,18,15,50.0,60.0
1987,0.4,0.0,0.0,10,16,20,window,24,15,50.0,60.0
1987,0.4,0.0,0.0,15,16,20,window,24,15,50.0,60.0
1987,0.4,0.0,0.0,20,16,20,window,24,15,50.0,60.0
1987,0.4,0.0,0.0,25,16,20,window,24,15,50.0,60.0
1987,0.4,0.0,0.0,30,16,20,window,24,15,50.0,60.0
1987,0.4,0.0,0.0,35,16,20,window,24,15,50.0,60.0
1987,0.4,0.0,0.0,40,16,20,window,24,15,50.0,60.0
1987,0.4,0.0,0.0,45,16,20,window,24,15,50.0,60.0
1987,0.4,0.0,0.0,50,16,20,window,24,15,50.0,60.0
1987,0.4,0.0,0.0,55,16,20,window,24,15,50.0,60.0
1988,0.14285714285714285,-0.6454972243679028,0.25,5,16,20,window,28,7,50.0,28.57
1988,0.2857142857142857,0.0,0.4444444444444445,10,16,20,window,36,7,50.0,28.57
1988,0.2857142857142857,0.0,0.4444444444444445,15,16,20,window,36,7,50.0,28.57
1988,0.2857142857142857,0.0,0.4444444444444445,20,16,20,window,36,7,50.0,28.57
1988,0.2857142857142857,0.0,0.4444444444444445,25,16,20,window,36,7,50.0,28.57
1988,0.2857142857142857,0.0,0.4444444444444445,30,16,20,window,36,7,50.0,28.57
1988,0.2857142857142857,0.0,0.4444444444444445,35,16,20,window,36,7,50.0,28.57
1988,0.2857142857142857,0.0,0.4444444444444445,40,16,20,window,36,7,50.0,28.57
1988,0.2857142857142857,0.0,0.4444444444444445,45,16,20,window,36,7,50.0,28.57
1988,0.2857142857142857,0.0,0.4444444444444445,50,16,20,window,36,7,50.0,28.57
1988,0.2857142857142857,0.0,0.4444444444444445,55,16,20,window,36,7,50.0,28.57
1989,0.2,-0.6123724356957946,0.3333333333333333,5,16,20,window,34,15,50.0,80.0
1989,0.4,-0.2004459314343183,0.5263157894736842,10,16,20,window,44,15,50.0,80.0
1989,0.3333333333333333,-0.2721655269759087,0.4444444444444444,15,16,20,window,46,15,50.0,80.0
1989,0.3333333333333333,-0.2721655269759087,0.4444444444444444,20,16,20,window,46,15,50.0,80.0
1989,0.3333333333333333,-0.2721655269759087,0.4444444444444444,25,16,20,window,46,15,50.0,80.0
1989,0.3333333333333333,-0.2721655269759087,0.4444444444444444,30,16,20,window,46,15,50.0,80.0
1989,0.3333333333333333,-0.2721655269759087,0.4444444444444444,35,16,20,window,46,15,50.0,80.0
1989,0.3333333333333333,-0.2721655269759087,0.4444444444444444,40,16,20,window,46,15,50.0,80.0
1989,0.3333333333333333,-0.2721655269759087,0.4444444444444444,45,16,20,window,46,15,50.0,80.0
1989,0.3333333333333333,-0.2721655269759087,0.4444444444444444,50,16,20,window,46,15,50.0,80.0
1989,0.3333333333333333,-0.2721655269759087,0.4444444444444444,55,16,20,window,46,15,50.0,80.0
1990,0.375,0.0,0.5454545454545454,5,16,20,window,36,8,50.0,100.0
1990,0.75,0.0,0.8571428571428571,10,16,20,window,50,8,50.0,100.0
1990,0.625,0.0,0.7692307692307693,15,16,20,window,52,8,50.0,100.0
1990,0.625,0.0,0.7692307692307693,20,16,20,window,52,8,50.0,100.0
1990,0.625,0.0,0.7692307692307693,25,16,20,window,52,8,50.0,100.0
1990,0.625,0.0,0.7692307692307693,30,16,20,window,52,8,50.0,100.0
1990,0.625,0.0,0.7692307692307693,35,16,20,window,52,8,50.0,100.0
1990,0.625,0.0,0.7692307692307693,40,16,20,window,52,8,50.0,100.0
1990,0.625,0.0,0.7692307692307693,45,16,20,window,52,8,50.0,100.0
1990,0.625,0.0,0.7692307692307693,50,16,20,window,52,8,50.0,100.0
1990,0.625,0.0,0.7692307692307693,55,16,20,window,52,8,50.0,100.0
1991,0.5416666666666666,0.02521364528296496,0.6857142857142856,5,16,20,window,34,24,50.0,54.17
1991,0.4583333333333333,-0.04828045495852676,0.3157894736842105,10,16,20,window,48,24,50.0,54.17
1991,0.5416666666666666,0.14484136487558028,0.42105263157894735,15,16,20,window,52,24,50.0,54.17
1991,0.5416666666666666,0.14484136487558028,0.42105263157894735,20,16,20,window,52,24,50.0,54.17
1991,0.5416666666666666,0.14484136487558028,0.42105263157894735,25,16,20,window,52,24,50.0,54.17
1991,0.5416666666666666,0.14484136487558028,0.42105263157894735,30,16,20,window,52,24,50.0,54.17
1991,0.5416666666666666,0.14484136487558028,0.42105263157894735,35,16,20,window,52,24,50.0,54.17
1991,0.5416666666666666,0.14484136487558028,0.42105263157894735,40,16,20,window,52,24,50.0,54.17
1991,0.5416666666666666,0.14484136487558028,0.42105263157894735,45,16,20,window,52,24,50.0,54.17
1991,0.5416666666666666,0.14484136487558028,0.42105263157894735,50,16,20,window,52,24,50.0,54.17
1991,0.5416666666666666,0.14484136487558028,0.42105263157894735,55,16,20,window,52,24,50.0,54.17
1992,0.4782608695652174,-0.23214285714285715,0.625,5,16,20,window,50,23,50.0,69.57
1992,0.5652173913043478,0.2846520432287211,0.5833333333333334,10,16,20,window,68,23,50.0,69.57
1992,0.7391304347826086,0.3386481059780782,0.823529411764706,15,16,20,window,74,23,50.0,69.57
1992,0.7391304347826086,0.3386481059780782,0.823529411764706,20,16,20,window,74,23,50.0,69.57
1992,0.7391304347826086,0.3386481059780782,0.823529411764706,25,16,20,window,74,23,50.0,69.57
1992,0.7391304347826086,0.3386481059780782,0.823529411764706,30,16,20,window,74,23,50.0,69.57
1992,0.7391304347826086,0.3386481059780782,0.823529411764706,35,16,20,window,74,23,50.0,69.57
1992,0.7391304347826086,0.3386481059780782,0.823529411764706,40,16,20,window,74,23,50.0,69.57
1992,0.7391304347826086,0.3386481059780782,0.823529411764706,45,16,20,window,74,23,50.0,69.57
1992,0.7391304347826086,0.3386481059780782,0.823529411764706,50,16,20,window,74,23,50.0,69.57
1992,0.7391304347826086,0.3386481059780782,0.823529411764706,55,16,20,window,74,23,50.0,69.57
1993,0.5333333333333333,0.09449111825230681,0.4615384615384615,5,16,20,window,52,30,50.0,53.33
1993,0.5666666666666667,0.1438234930593239,0.5517241379310345,10,16,20,window,80,30,50.0,53.33
1993,0.26666666666666666,-0.5640760748177662,0.4210526315789474,15,16,20,window,88,30,50.0,53.33
1993,0.26666666666666666,-0.5640760748177662,0.4210526315789474,20,16,20,window,88,30,50.0,53.33
1993,0.26666666666666666,-0.5640760748177662,0.4210526315789474,25,16,20,window,88,30,50.0,53.33
1993,0.26666666666666666,-0.5640760748177662,0.4210526315789474,30,16,20,window,88,30,50.0,53.33
1993,0.26666666666666666,-0.5640760748177662,0.4210526315789474,35,16,20,window,88,30,50.0,53.33
1993,0.26666666666666666,-0.5640760748177662,0.4210526315789474,40,16,20,window,88,30,50.0,53.33
1993,0.26666666666666666,-0.5640760748177662,0.4210526315789474,45,16,20,window,88,30,50.0,53.33
1993,0.26666666666666666,-0.5640760748177662,0.4210526315789474,50,16,20,window,88,30,50.0,53.33
1993,0.26666666666666666,-0.5640760748177662,0.4210526315789474,55,16,20,window,88,30,50.0,53.33
1994,0.6764705882352942,0.31298431857438064,0.7659574468085106,5,16,20,window,70,34,50.0,58.82
1994,0.47058823529411764,-0.09285714285714286,0.55,10,16,20,window,104,34,50.0,58.82
1994,0.4117647058823529,-0.1690308509457033,0.4444444444444445,15,16,20,window,114,34,50.0,58.82
1994,0.5294117647058824,-0.041437096508237244,0.6521739130434783,20,16,20,window,116,34,50.0,58.82
1994,0.5294117647058824,-0.041437096508237244,0.6521739130434783,25,16,20,window,116,34,50.0,58.82
1994,0.5294117647058824,-0.041437096508237244,0.6521739130434783,30,16,20,window,116,34,50.0,58.82
1994,0.5294117647058824,-0.041437096508237244,0.6521739130434783,35,16,20,window,116,34,50.0,58.82
1994,0.5294117647058824,-0.041437096508237244,0.6521739130434783,40,16,20,window,116,34,50.0,58.82
1994,0.5294117647058824,-0.041437096508237244,0.6521739130434783,45,16,20,window,116,34,50.0,58.82
1994,0.5294117647058824,-0.041437096508237244,0.6521739130434783,50,16,20,window,116,34,50.0,58.82
1994,0.6176470588235294,0.20806259464411975,0.7547169811320755,5,16,20,window,70,34,50.0,58.82
1994,0.47058823529411764,-0.09285714285714286,0.55,10,16,20,window,104,34,50.0,58.82
1994,0.4117647058823529,-0.1690308509457033,0.4444444444444445,15,16,20,window,114,34,50.0,58.82
1994,0.5294117647058824,-0.041437096508237244,0.6521739130434783,20,16,20,window,116,34,50.0,58.82
1994,0.5294117647058824,-0.041437096508237244,0.6521739130434783,25,16,20,window,116,34,50.0,58.82
1994,0.5294117647058824,-0.041437096508237244,0.6521739130434783,30,16,20,window,116,34,50.0,58.82
1994,0.5294117647058824,-0.041437096508237244,0.6521739130434783,35,16,20,window,116,34,50.0,58.82
1994,0.5294117647058824,-0.041437096508237244,0.6521739130434783,40,16,20,window,116,34,50.0,58.82
1994,0.5294117647058824,-0.041437096508237244,0.6521739130434783,45,16,20,window,116,34,50.0,58.82
1995,0.42857142857142855,-0.39528470752104744,0.6000000000000001,5,16,20,window,92,21,50.0,66.67
1995,0.42857142857142855,-0.39528470752104744,0.6000000000000001,10,16,20,window,128,21,50.0,66.67
1995,0.42857142857142855,-0.06933752452815364,0.45454545454545453,15,16,20,window,142,21,50.0,66.67
1995,0.5714285714285714,0.06933752452815364,0.6666666666666666,20,16,20,window,144,21,50.0,66.67
1995,0.5714285714285714,0.06933752452815364,0.6666666666666666,25,16,20,window,144,21,50.0,66.67
1995,0.5714285714285714,0.06933752452815364,0.6666666666666666,30,16,20,window,144,21,50.0,66.67
1995,0.5714285714285714,0.06933752452815364,0.6666666666666666,35,16,20,window,144,21,50.0,66.67
1995,0.5714285714285714,0.06933752452815364,0.6666666666666666,40,16,20,window,144,21,50.0,66.67
1995,0.5714285714285714,0.06933752452815364,0.6666666666666666,45,16,20,window,144,21,50.0,66.67
1996,0.5714285714285714,0.14462030521243746,0.6511627906976745,5,16,20,window,106,35,50.0,51.43
1996,0.37142857142857144,-0.2581699346405229,0.3888888888888889,10,16,20,window,140,35,50.0,51.43
1996,0.5714285714285714,0.14462030521243746,0.6511627906976745,15,16,20,window,154,35,50.0,51.43
1996,0.42857142857142855,-0.14002800840280097,0.375,20,16,20,window,158,35,50.0,51.43
1996,0.42857142857142855,-0.14002800840280097,0.375,25,16,20,window,158,35,50.0,51.43
1996,0.42857142857142855,-0.14002800840280097,0.375,30,16,20,window,158,35,50.0,51.43
1996,0.42857142857142855,-0.14002800840280097,0.375,35,16,20,window,158,35,50.0,51.43
1996,0.42857142857142855,-0.14002800840280097,0.375,40,16,20,window,158,35,50.0,51.43
1996,0.42857142857142855,-0.14002800840280097,0.375,45,16,20,window,158,35,50.0,51.43
1997,0.6590909090909091,0.30678599553894814,0.7058823529411765,5,16,20,window,118,44,50.0,61.36
1997,0.4772727272727273,-0.04667600280093366,0.5306122448979591,10,16,20,window,168,44,50.0,61.36
1997,0.6136363636363636,0.14291548761875736,0.711864406779661,15,16,20,window,186,44,50.0,61.36
1997,0.5,-0.010619158331935476,0.5599999999999999,20,16,20,window,192,44,50.0,61.36
1997,0.5,-0.010619158331935476,0.5599999999999999,25,16,20,window,192,44,50.0,61.36
1997,0.5,-0.010619158331935476,0.5599999999999999,30,16,20,window,192,44,50.0,61.36
1997,0.5,-0.010619158331935476,0.5599999999999999,35,16,20,window,192,44,50.0,61.36
1997,0.5,-0.010619158331935476,0.5599999999999999,40,16,20,window,192,44,50.0,61.36
1997,0.5,-0.010619158331935476,0.5599999999999999,45,16,20,window,192,44,50.0,61.36
1998,0.631578947368421,-0.13530348153381586,0.7692307692307692,5,16,20,window,138,57,50.0,75.44
1998,0.5964912280701754,0.11222486793827188,0.7012987012987012,10,16,20,window,190,57,50.0,75.44
1998,0.7192982456140351,0.16543808622328776,0.8222222222222222,15,16,20,window,218,57,50.0,75.44
1998,0.6491228070175439,0.13844450018688323,0.7560975609756098,20,16,20,window,226,57,50.0,75.44
1998,0.6491228070175439,0.13844450018688323,0.7560975609756098,25,16,20,window,226,57,50.0,75.44
1998,0.6491228070175439,0.13844450018688323,0.7560975609756098,30,16,20,window,226,57,50.0,75.44
1998,0.6491228070175439,0.13844450018688323,0.7560975609756098,35,16,20,window,226,57,50.0,75.44
1998,0.6491228070175439,0.13844450018688323,0.7560975609756098,40,16,20,window,226,57,50.0,75.44
1998,0.6491228070175439,0.13844450018688323,0.7560975609756098,45,16,20,window,226,57,50.0,75.44
1999,0.56,-0.050251890762960605,0.7027027027027029,5,16,20,window,138,50,50.0,88.0
1999,0.56,-0.14873555160002705,0.7105263157894737,10,16,20,window,208,50,50.0,88.0
1999,0.48,-0.10840727259799848,0.6285714285714286,15,16,20,window,242,50,50.0,88.0
1999,0.68,-0.1846372364689991,0.8095238095238095,20,16,20,window,252,50,50.0,88.0
1999,0.7,-0.04754330548804461,0.8192771084337349,25,16,20,window,254,50,50.0,88.0
1999,0.7,-0.04754330548804461,0.8192771084337349,30,16,20,window,254,50,50.0,88.0
1999,0.7,-0.04754330548804461,0.8192771084337349,35,16,20,window,254,50,50.0,88.0
1999,0.7,-0.04754330548804461,0.8192771084337349,40,16,20,window,254,50,50.0,88.0
1999,0.7,-0.04754330548804461,0.8192771084337349,45,16,20,window,254,50,50.0,88.0
2000,0.725,0.25849224211189076,0.8176795580110496,5,16,20,window,122,120,50.0,75.0
2000,0.5833333333333334,-0.04199605255658081,0.7126436781609196,10,16,20,window,214,120,50.0,75.0
2000,0.6416666666666667,0.15216863948950743,0.7455621301775147,15,16,20,window,250,120,50.0,75.0
2000,0.7083333333333334,0.17770466332772772,0.8108108108108109,20,16,20,window,264,120,50.0,75.0
2000,0.6,0.11785113019775792,0.7037037037037038,25,16,20,window,266,120,50.0,75.0
2000,0.6,0.11785113019775792,0.7037037037037038,30,16,20,window,266,120,50.0,75.0
2000,0.6,0.11785113019775792,0.7037037037037038,35,16,20,window,266,120,50.0,75.0
2000,0.6,0.11785113019775792,0.7037037037037038,40,16,20,window,266,120,50.0,75.0
2000,0.6,0.11785113019775792,0.7037037037037038,45,16,20,window,266,120,50.0,75.0
2001,0.7633587786259542,0.4070689782115879,0.841025641025641,5,16,20,window,168,131,50.0,68.7
2001,0.6870229007633588,0.16097184881373375,0.7980295566502463,10,16,20,window,274,131,50.0,68.7
2001,0.7557251908396947,0.43197831978319784,0.8222222222222222,15,16,20,window,308,131,50.0,68.7
2001,0.7251908396946565,0.36097560975609755,0.8000000000000002,20,16,20,window,322,131,50.0,68.7
2001,0.6030534351145038,0.1831186464212102,0.6790123456790124,25,16,20,window,326,131,50.0,68.7
2001,0.6030534351145038,0.1831186464212102,0.6790123456790124,30,16,20,window,326,131,50.0,68.7
2001,0.6030534351145038,0.1831186464212102,0.6790123456790124,35,16,20,window,326,131,50.0,68.7
2001,0.6030534351145038,0.1831186464212102,0.6790123456790124,40,16,20,window,326,131,50.0,68.7
2001,0.6030534351145038,0.1831186464212102,0.6790123456790124,45,16,20,window,326,131,50.0,68.7
2002,0.732484076433121,0.19462160861633862,0.8306451612903225,5,16,20,window,216,157,50.0,78.34
2002,0.7515923566878981,0.2756893399475902,0.8408163265306122,10,16,20,window,334,157,50.0,78.34
2002,0.7261146496815286,0.28229144647005106,0.8170212765957446,15,16,20,window,384,157,50.0,78.34
2002,0.6496815286624203,0.2320896472554895,0.7465437788018433,20,16,20,window,402,157,50.0,78.34
2002,0.6942675159235668,0.2216934564052662,0.7931034482758622,25,16,20,window,408,157,50.0,78.34
2002,0.6942675159235668,0.2216934564052662,0.7931034482758622,30,16,20,window,408,157,50.0,78.34
2002,0.6942675159235668,0.2216934564052662,0.7931034482758622,35,16,20,window,408,157,50.0,78.34
2002,0.6942675159235668,0.2216934564052662,0.7931034482758622,40,16,20,window,408,157,50.0,78.34
2002,0.6942675159235668,0.2216934564052662,0.7931034482758622,45,16,20,window,408,157,50.0,78.34
2003,0.7832512315270936,0.17535637591153994,0.8728323699421965,5,16,20,window,250,203,50.0,90.64
2003,0.7192118226600985,0.05182250050803984,0.830860534124629,10,16,20,window,388,203,50.0,90.64
2003,0.8472906403940886,0.29509774224451657,0.9131652661064426,15,16,20,window,440,203,50.0,90.64
2003,0.8374384236453202,0.10559901859069856,0.9095890410958904,20,16,20,window,468,203,50.0,90.64
2003,0.8472906403940886,0.32511786928636,0.9126760563380281,25,16,20,window,476,203,50.0,90.64
2003,0.8472906403940886,0.32511786928636,0.9126760563380281,30,16,20,window,476,203,50.0,90.64
2003,0.8472906403940886,0.32511786928636,0.9126760563380281,35,16,20,window,476,203,50.0,90.64
2003,0.8472906403940886,0.32511786928636,0.9126760563380281,40,16,20,window,476,203,50.0,90.64
2003,0.8472906403940886,0.32511786928636,0.9126760563380281,45,16,20,window,476,203,50.0,90.64
2004,0.722488038277512,0.15483607640047234,0.8284023668639053,5,16,20,window,260,209,50.0,88.52
2004,0.7799043062200957,0.26717099023726315,0.8670520231213874,10,16,20,window,398,209,50.0,88.52
2004,0.7942583732057417,0.10303572776605918,0.8815426997245179,15,16,20,window,468,209,50.0,88.52
2004,0.861244019138756,0.2789733937527002,0.9222520107238605,20,16,20,window,502,209,50.0,88.52
2004,0.84688995215311,0.32337281116837246,0.9120879120879122,25,16,20,window,512,209,50.0,88.52
2004,0.8373205741626795,0.30529668125410603,0.9060773480662982,30,16,20,window,514,209,50.0,88.52
2004,0.8373205741626795,0.30529668125410603,0.9060773480662982,35,16,20,window,514,209,50.0,88.52
2004,0.8373205741626795,0.30529668125410603,0.9060773480662982,40,16,20,window,514,209,50.0,88.52
2004,0.8373205741626795,0.30529668125410603,0.9060773480662982,45,16,20,window,514,209,50.0,88.52
2005,0.8309037900874635,0.08550119103421536,0.9058441558441559,5,16,20,window,296,343,50.0,92.13
2005,0.8279883381924198,0.13173813527246286,0.9034369885433715,10,16,20,window,418,343,50.0,92.13
2005,0.8483965014577259,0.18358449713701092,0.9155844155844156,15,16,20,window,510,343,50.0,92.13
2005,0.8629737609329446,0.23109530854030494,0.9240710823909533,20,16,20,window,546,343,50.0,92.13
2005,0.7871720116618076,0.1533498636123975,0.8764805414551607,25,16,20,window,560,343,50.0,92.13
2005,0.8542274052478134,0.21627893250460942,0.9188311688311689,30,16,20,window,562,343,50.0,92.13
2005,0.8542274052478134,0.21627893250460942,0.9188311688311689,35,16,20,window,562,343,50.0,92.13
2005,0.8542274052478134,0.21627893250460942,0.9188311688311689,40,16,20,window,562,343,50.0,92.13
2005,0.8542274052478134,0.21627893250460942,0.9188311688311689,45,16,20,window,562,343,50.0,92.13
2006,0.8797250859106529,0.18227796444090752,0.9347014925373134,5,16,20,window,290,582,50.0,93.81
2006,0.8762886597938144,0.26187478711074047,0.9320754716981132,10,16,20,window,458,582,50.0,93.81
2006,0.8402061855670103,0.20798546892693606,0.9104908565928778,15,16,20,window,564,582,50.0,93.81
2006,0.8831615120274914,0.13044644664858346,0.937037037037037,20,16,20,window,598,582,50.0,93.81
2006,0.8694158075601375,0.2005963227869068,0.928436911487759,25,16,20,window,612,582,50.0,93.81
2006,0.8556701030927835,0.1634795461814097,0.9204545454545454,30,16,20,window,616,582,50.0,93.81
2006,0.8556701030927835,0.1634795461814097,0.9204545454545454,35,16,20,window,616,582,50.0,93.81
2006,0.8556701030927835,0.1634795461814097,0.9204545454545454,40,16,20,window,616,582,50.0,93.81
2006,0.8556701030927835,0.1634795461814097,0.9204545454545454,45,16,20,window,616,582,50.0,93.81
2007,0.6471600688468159,0.1887789040479788,0.7709497206703911,5,16,20,window,280,581,50.0,92.43
2007,0.7641996557659209,0.28332491425829776,0.857736240913811,10,16,20,window,496,581,50.0,92.43
2007,0.7762478485370051,0.28411552851489486,0.8662551440329217,15,16,20,window,614,581,50.0,92.43
2007,0.8123924268502581,0.25381286743121145,0.891542288557214,20,16,20,window,664,581,50.0,92.43
2007,0.8416523235800344,0.28055539993075657,0.91015625,25,16,20,window,682,581,50.0,92.43
2007,0.7934595524956971,0.2795168975792953,0.8782961460446247,30,16,20,window,688,581,50.0,92.43
2007,0.7934595524956971,0.2795168975792953,0.8782961460446247,35,16,20,window,688,581,50.0,92.43
2007,0.7934595524956971,0.2795168975792953,0.8782961460446247,40,16,20,window,688,581,50.0,92.43
2007,0.7934595524956971,0.2795168975792953,0.8782961460446247,45,16,20,window,688,581,50.0,92.43
2008,0.7713787085514834,0.12445762218791742,0.867005076142132,5,16,20,window,300,573,50.0,93.72
2008,0.8010471204188482,0.23792781379922578,0.8848484848484849,10,16,20,window,550,573,50.0,93.72
2008,0.8638743455497382,0.22732376428490333,0.9248554913294798,15,16,20,window,688,573,50.0,93.72
2008,0.8638743455497382,0.22732376428490333,0.9248554913294798,20,16,20,window,740,573,50.0,93.72
2008,0.8115183246073299,0.16154030669906183,0.8928571428571428,25,16,20,window,768,573,50.0,93.72
2008,0.7958115183246073,0.17552764264837026,0.8824120603015074,30,16,20,window,776,573,50.0,93.72
2008,0.7958115183246073,0.17552764264837026,0.8824120603015074,35,16,20,window,776,573,50.0,93.72
2008,0.7958115183246073,0.17552764264837026,0.8824120603015074,40,16,20,window,776,573,50.0,93.72
2008,0.7958115183246073,0.17552764264837026,0.8824120603015074,45,16,20,window,776,573,50.0,93.72
2009,0.6816,0.09494999836620904,0.8023833167825224,5,16,20,window,334,625,50.0,92.48
2009,0.7248,0.11574466015854698,0.833976833976834,10,16,20,window,594,625,50.0,92.48
2009,0.7664,0.20757400733152176,0.8612167300380228,15,16,20,window,732,625,50.0,92.48
2009,0.7664,0.19642581319090519,0.8614800759013284,20,16,20,window,802,625,50.0,92.48
2009,0.7888,0.1843776772371166,0.8770949720670391,25,16,20,window,836,625,50.0,92.48
2009,0.72,0.04353233946894121,0.8325358851674641,30,16,20,window,846,625,50.0,92.48
2009,0.7472,0.11099357015380307,0.8500948766603414,35,16,20,window,848,625,50.0,92.48
2009,0.7472,0.11099357015380307,0.8500948766603414,40,16,20,window,848,625,50.0,92.48
2009,0.7472,0.11099357015380307,0.8500948766603414,45,16,20,window,848,625,50.0,92.48
2010,0.7283950617283951,0.213945128666699,0.831140350877193,5,16,20,window,380,567,50.0,89.42
2010,0.7442680776014109,0.248402155613368,0.8418756815703382,10,16,20,window,676,567,50.0,89.42
2010,0.7901234567901234,0.17548058961577168,0.8771929824561403,15,16,20,window,798,567,50.0,89.42
2010,0.783068783068783,0.2552542817284291,0.870116156282999,20,16,20,window,890,567,50.0,89.42
2010,0.7848324514991182,0.23844282103820016,0.8718487394957983,25,16,20,window,926,567,50.0,89.42
2010,0.7865961199294532,0.2690065791191569,0.8722280887011615,30,16,20,window,940,567,50.0,89.42
2010,0.7883597883597884,0.23322292851953583,0.8744769874476988,35,16,20,window,942,567,50.0,89.42
2010,0.7883597883597884,0.23322292851953583,0.8744769874476988,40,16,20,window,942,567,50.0,89.42
2010,0.7883597883597884,0.23322292851953583,0.8744769874476988,45,16,20,window,942,567,50.0,89.42
2011,0.6230936819172114,0.14564926846308593,0.7444608567208272,5,16,20,window,446,459,50.0,87.36
2011,0.7407407407407407,0.2386941366586699,0.8380952380952381,10,16,20,window,736,459,50.0,87.36
2011,0.7189542483660131,0.19523926525998148,0.8230452674897121,15,16,20,window,904,459,50.0,87.36
2011,0.7407407407407407,0.17840984727037018,0.8406961178045516,20,16,20,window,1010,459,50.0,87.36
2011,0.7450980392156863,0.18336203895400913,0.8437917222963952,25,16,20,window,1044,459,50.0,87.36
2011,0.7516339869281046,0.25124096810007523,0.8459459459459461,30,16,20,window,1058,459,50.0,87.36
2011,0.6862745098039216,0.122437458992086,0.8005540166204985,35,16,20,window,1062,459,50.0,87.36
2011,0.6862745098039216,0.122437458992086,0.8005540166204985,40,16,20,window,1062,459,50.0,87.36
2011,0.6862745098039216,0.122437458992086,0.8005540166204985,45,16,20,window,1062,459,50.0,87.36
2012,0.6566265060240963,0.13072227611330076,0.772,5,16,20,window,490,332,50.0,84.34
2012,0.6626506024096386,0.27047011798209597,0.7656903765690377,10,16,20,window,770,332,50.0,84.34
2012,0.7259036144578314,0.25161940045432135,0.8233009708737863,15,16,20,window,986,332,50.0,84.34
2012,0.6927710843373494,0.1686696772473816,0.80078125,20,16,20,window,1104,332,50.0,84.34
2012,0.7439759036144579,0.2955966048977102,0.8355899419729208,25,16,20,window,1154,332,50.0,84.34
2012,0.7349397590361446,0.2516453263660822,0.8307692307692307,30,16,20,window,1172,332,50.0,84.34
2012,0.713855421686747,0.23742691469743293,0.8140900195694717,35,16,20,window,1178,332,50.0,84.34
2012,0.713855421686747,0.23742691469743293,0.8140900195694717,40,16,20,window,1178,332,50.0,84.34
2012,0.713855421686747,0.23742691469743293,0.8140900195694717,45,16,20,window,1178,332,50.0,84.34
2013,0.7484276729559748,0.3289494765428729,0.84,5,16,20,window,506,318,50.0,87.42
2013,0.660377358490566,0.26877451721071954,0.7692307692307693,10,16,20,window,806,318,50.0,87.42
2013,0.6981132075471698,0.3171653279644117,0.799163179916318,15,16,20,window,1056,318,50.0,87.42
2013,0.7515723270440252,0.2916079649794715,0.8441814595660749,20,16,20,window,1194,318,50.0,87.42
2013,0.7704402515723271,0.3683017765825603,0.8554455445544555,25,16,20,window,1246,318,50.0,87.42
2013,0.7987421383647799,0.3788474004064002,0.8764478764478765,30,16,20,window,1274,318,50.0,87.42
2013,0.7138364779874213,0.305475348442199,0.8131416837782341,35,16,20,window,1282,318,50.0,87.42
2013,0.7138364779874213,0.305475348442199,0.8131416837782341,40,16,20,window,1282,318,50.0,87.42
2013,0.7138364779874213,0.305475348442199,0.8131416837782341,45,16,20,window,1282,318,50.0,87.42
2014,0.7916666666666666,0.406367818511221,0.868421052631579,5,16,20,window,514,240,50.0,85.0
2014,0.7166666666666667,0.2970442628930023,0.8131868131868133,10,16,20,window,848,240,50.0,85.0
2014,0.6916666666666667,0.3632278402413775,0.7861271676300577,15,16,20,window,1108,240,50.0,85.0
2014,0.6833333333333333,0.32394177193585005,0.7816091954022987,20,16,20,window,1246,240,50.0,85.0
2014,0.7708333333333334,0.4216839925608933,0.8509485094850948,25,16,20,window,1316,240,50.0,85.0
2014,0.7625,0.3216661000784325,0.8496042216358839,30,16,20,window,1350,240,50.0,85.0
2014,0.7166666666666667,0.35837977540673743,0.8089887640449439,35,16,20,window,1360,240,50.0,85.0
2014,0.7833333333333333,0.48083647867143814,0.8579234972677596,40,16,20,window,1362,240,50.0,85.0
2014,0.7833333333333333,0.48083647867143814,0.8579234972677596,45,16,20,window,1362,240,50.0,85.0
2015,0.7297297297297297,0.31838752179551216,0.8235294117647058,5,16,20,window,492,222,50.0,85.59
2015,0.7117117117117117,0.2635952506027961,0.811764705882353,10,16,20,window,872,222,50.0,85.59
2015,0.6531531531531531,0.2399966392683719,0.7616099071207432,15,16,20,window,1168,222,50.0,85.59
2015,0.6711711711711712,0.2039169612043195,0.7807807807807808,20,16,20,window,1290,222,50.0,85.59
2015,0.5900900900900901,0.1297455667829819,0.711111111111111,25,16,20,window,1382,222,50.0,85.59
2015,0.7252252252252253,0.2610079357770189,0.8231884057971015,30,16,20,window,1418,222,50.0,85.59
2015,0.7972972972972973,0.40465996245963015,0.8732394366197183,35,16,20,window,1432,222,50.0,85.59
2015,0.6981981981981982,0.28427713644815195,0.7987987987987987,40,16,20,window,1434,222,50.0,85.59
2015,0.6981981981981982,0.28427713644815195,0.7987987987987987,45,16,20,window,1434,222,50.0,85.59
2016,0.7108843537414966,0.24526476061669614,0.8098434004474273,5,16,20,window,436,294,50.0,82.99
2016,0.7006802721088435,0.33469156341765,0.7934272300469484,10,16,20,window,882,294,50.0,82.99
2016,0.7074829931972789,0.2865238680983292,0.8036529680365296,15,16,20,window,1172,294,50.0,82.99
2016,0.7551020408163265,0.3672235040087934,0.8392857142857142,20,16,20,window,1340,294,50.0,82.99
2016,0.7482993197278912,0.3798220358758955,0.8325791855203619,25,16,20,window,1446,294,50.0,82.99
2016,0.7687074829931972,0.3431713399837474,0.8521739130434782,30,16,20,window,1480,294,50.0,82.99
2016,0.7448979591836735,0.34318415173743033,0.8322147651006712,35,16,20,window,1494,294,50.0,82.99
2016,0.7346938775510204,0.30829134779777523,0.8258928571428571,40,16,20,window,1498,294,50.0,82.99
2016,0.7346938775510204,0.30829134779777523,0.8258928571428571,45,16,20,window,1498,294,50.0,82.99
2017,0.804147465437788,0.36463558082908537,0.880450070323488,5,16,20,window,420,434,50.0,86.41
2017,0.7995391705069125,0.428867161898453,0.8744588744588744,10,16,20,window,910,434,50.0,86.41
2017,0.8110599078341014,0.43688325276199813,0.8828571428571428,15,16,20,window,1190,434,50.0,86.41
2017,0.7580645161290323,0.3109442386134709,0.8476052249637155,20,16,20,window,1406,434,50.0,86.41
2017,0.7972350230414746,0.3634124542821765,0.8753541076487251,25,16,20,window,1524,434,50.0,86.41
2017,0.7972350230414746,0.40809570451971877,0.8735632183908045,30,16,20,window,1574,434,50.0,86.41
2017,0.7857142857142857,0.37430670044313924,0.8661870503597123,35,16,20,window,1592,434,50.0,86.41
2017,0.8317972350230415,0.427245377087353,0.8984700973574409,40,16,20,window,1598,434,50.0,86.41
2017,0.8317972350230415,0.427245377087353,0.8984700973574409,45,16,20,window,1598,434,50.0,86.41
2018,0.7553191489361702,0.37118077903873375,0.8430034129692833,5,16,20,window,434,376,50.0,86.97
2018,0.75,0.3321002855263274,0.840677966101695,10,16,20,window,940,376,50.0,86.97
2018,0.7898936170212766,0.4140936239860313,0.8681135225375626,15,16,20,window,1240,376,50.0,86.97
2018,0.7579787234042553,0.3742886848124315,0.8449744463373083,20,16,20,window,1490,376,50.0,86.97
2018,0.7792553191489362,0.3895502204475758,0.8609715242881071,25,16,20,window,1628,376,50.0,86.97
2018,0.7686170212765957,0.31005132491871634,0.8561983471074378,30,16,20,window,1680,376,50.0,86.97
2018,0.7180851063829787,0.30817559569183833,0.8159722222222222,35,16,20,window,1708,376,50.0,86.97
2018,0.7712765957446809,0.3902841045134608,0.8547297297297297,40,16,20,window,1716,376,50.0,86.97
2018,0.7712765957446809,0.3902841045134608,0.8547297297297297,45,16,20,window,1716,376,50.0,86.97
2019,0.7291666666666666,0.24921867543564535,0.8286252354048964,5,16,20,window,452,336,50.0,87.5
2019,0.7410714285714286,0.3017598626657649,0.8355387523629489,10,16,20,window,966,336,50.0,87.5
2019,0.7113095238095238,0.2833389551937729,0.8123791102514507,15,16,20,window,1300,336,50.0,87.5
2019,0.7767857142857143,0.3312694528816193,0.8618784530386742,20,16,20,window,1560,336,50.0,87.5
2019,0.7410714285714286,0.2755428468755022,0.8367729831144465,25,16,20,window,1698,336,50.0,87.5
2019,0.7559523809523809,0.23900054644894406,0.8498168498168499,30,16,20,window,1768,336,50.0,87.5
2019,0.7589285714285714,0.3351196786323675,0.8480300187617261,35,16,20,window,1802,336,50.0,87.5
2019,0.7440476190476191,0.3437339855958778,0.83587786259542,40,16,20,window,1812,336,50.0,87.5
2019,0.7440476190476191,0.2920326913702785,0.8383458646616541,45,16,20,window,1814,336,50.0,87.5
2020,0.6386861313868614,0.23363945519692855,0.7531172069825436,5,16,20,window,464,274,50.0,87.96
2020,0.6094890510948905,0.20997760598536247,0.727735368956743,10,16,20,window,956,274,50.0,87.96
2020,0.6058394160583942,0.22389937159694534,0.7230769230769231,15,16,20,window,1336,274,50.0,87.96
2020,0.6386861313868614,0.16654461136128412,0.7579462102689487,20,16,20,window,1632,274,50.0,87.96
2020,0.6459854014598541,0.27300095967348337,0.7568922305764412,25,16,20,window,1754,274,50.0,87.96
2020,0.6642335766423357,0.2554298693998408,0.7745098039215685,30,16,20,window,1846,274,50.0,87.96
2020,0.6204379562043796,0.2689257406373586,0.7333333333333333,35,16,20,window,1882,274,50.0,87.96
2020,0.6313868613138686,0.26098767599379136,0.7443037974683545,40,16,20,window,1896,274,50.0,87.96
2020,0.6204379562043796,0.2187142789686737,0.7373737373737372,45,16,20,window,1898,274,50.0,87.96
2021,0.717948717948718,0.3234713648980757,0.819672131147541,5,16,20,window,466,351,50.0,90.6
2021,0.7663817663817664,0.2446373934113427,0.859106529209622,10,16,20,window,902,351,50.0,90.6
2021,0.717948717948718,0.2453354074460426,0.8228980322003578,15,16,20,window,1348,351,50.0,90.6
2021,0.698005698005698,0.19589784210672917,0.8093525179856115,20,16,20,window,1638,351,50.0,90.6
2021,0.7207977207977208,0.16686888595780736,0.8280701754385964,25,16,20,window,1806,351,50.0,90.6
2021,0.6638176638176638,0.23132306703841188,0.7798507462686566,30,16,20,window,1912,351,50.0,90.6
2021,0.792022792022792,0.30661828625191956,0.8756388415672913,35,16,20,window,1946,351,50.0,90.6
2021,0.7977207977207977,0.2809661773720638,0.8802698145025296,40,16,20,window,1960,351,50.0,90.6
2021,0.7150997150997151,0.28991037829690375,0.8188405797101449,45,16,20,window,1964,351,50.0,90.6
2022,0.889763779527559,0.48637753532353717,0.9380530973451328,5,16,20,window,432,127,50.0,92.91
2022,0.8740157480314961,0.2792491967600459,0.9304347826086956,10,16,20,window,852,127,50.0,92.91
2022,0.7401574803149606,0.28862787128442907,0.8405797101449275,15,16,20,window,1342,127,50.0,92.91
2022,0.7401574803149606,0.1795364802665067,0.8436018957345972,20,16,20,window,1622,127,50.0,92.91
2022,0.8031496062992126,0.29724277336777766,0.8847926267281105,25,16,20,window,1838,127,50.0,92.91
2022,0.8267716535433071,0.4345829228064779,0.898148148148148,30,16,20,window,1956,127,50.0,92.91
2022,0.7716535433070866,0.4226525135261932,0.8599033816425121,35,16,20,window,2006,127,50.0,92.91
2022,0.8110236220472441,0.4145613081379524,0.8878504672897196,40,16,20,window,2024,127,50.0,92.91
2022,0.8110236220472441,0.3614808947317459,0.888888888888889,45,16,20,window,2030,127,50.0,92.91
